{
    "accuracy": 99.84375274310493,
    "fpr": [
        0.0,
        0.0004572312886888013,
        1.0
    ],
    "tpr": [
        0.0,
        0.35051546391752575,
        1.0
    ]
}